<?xml version="1.0" encoding="UTF-8"?>
<ProgramExecution>
 <SOPCSystem>
  <CompileID>0</CompileID>
  <DeviceFamily>UNKNOWN</DeviceFamily>
  <HDLLanguage></HDLLanguage>
  <Qsys>0</Qsys>
  <SOPCModule>
   <C>1</C>
   <ModuleType>altera_super_splitter</ModuleType>
   <SOPCModuleParameter>
    <C>2</C>
    <Name>MAX_WIDTH</Name>
    <Value>33</Value>
   </SOPCModuleParameter>
   <SOPCModuleParameter>
    <C>3</C>
    <Name>SEND_WIDTHS</Name>
    <Value>12</Value>
   </SOPCModuleParameter>
   <SOPCModuleParameter>
    <C>4</C>
    <Name>RECEIVE_WIDTHS</Name>
    <Value>33</Value>
   </SOPCModuleParameter>
  </SOPCModule>
  <SOPCModule>
   <C>5</C>
   <ModuleType>altera_sld_splitter</ModuleType>
   <SOPCModuleParameter>
    <C>6</C>
    <Name>FRAGMENTS</Name>
    <Value>{{name clock type clock dir end ports { {tck clk in 1 0} } } {name node type conduit dir end ports { {tms tms in 1 1} {tdi tdi in 1 2} {tdo tdo out 1 0} {ena ena in 1 3} {usr1 usr1 in 1 4} {clr clr in 1 5} {clrn clrn in 1 6} {jtag_state_tlr jtag_state_tlr in 1 7} {jtag_state_rti jtag_state_rti in 1 8} {jtag_state_sdrs jtag_state_sdrs in 1 9} {jtag_state_cdr jtag_state_cdr in 1 10} {jtag_state_sdr jtag_state_sdr in 1 11} {jtag_state_e1dr jtag_state_e1dr in 1 12} {jtag_state_pdr jtag_state_pdr in 1 13} {jtag_state_e2dr jtag_state_e2dr in 1 14} {jtag_state_udr jtag_state_udr in 1 15} {jtag_state_sirs jtag_state_sirs in 1 16} {jtag_state_cir jtag_state_cir in 1 17} {jtag_state_sir jtag_state_sir in 1 18} {jtag_state_e1ir jtag_state_e1ir in 1 19} {jtag_state_pir jtag_state_pir in 1 20} {jtag_state_e2ir jtag_state_e2ir in 1 21} {jtag_state_uir jtag_state_uir in 1 22} {ir_in ir_in in 10 23} {irq irq out 1 1} {ir_out ir_out out 10 2} } clock clock assign {debug.controlledBy {link_0} } moduleassign {debug.virtualInterface.link_0 {debug.endpointLink {fabric sld index 1} } } } } </Value>
   </SOPCModuleParameter>
   <SOPCModuleParameter>
    <C>7</C>
    <Name>EXAMPLE</Name>
    <Value></Value>
   </SOPCModuleParameter>
   <SOPCModuleParameter>
    <C>8</C>
    <Name>ADD_INTERFACE_ASGN</Name>
    <Value>0</Value>
   </SOPCModuleParameter>
  </SOPCModule>
  <SOPCModule>
   <C>9</C>
   <ModuleType>altera_jtag_pins_bridge</ModuleType>
  </SOPCModule>
  <SOPCModule>
   <C>10</C>
   <ModuleType>altera_sld_jtag_hub</ModuleType>
   <SOPCModuleParameter>
    <C>11</C>
    <Name>DEVICE_FAMILY</Name>
    <Value>Cyclone IV E</Value>
   </SOPCModuleParameter>
   <SOPCModuleParameter>
    <C>12</C>
    <Name>SETTINGS</Name>
    <Value>{mfr_code 110 type_code 0 version 6 instance 0 ir_width 10 prefer_host {} } </Value>
   </SOPCModuleParameter>
   <SOPCModuleParameter>
    <C>13</C>
    <Name>COUNT</Name>
    <Value>1</Value>
   </SOPCModuleParameter>
   <SOPCModuleParameter>
    <C>14</C>
    <Name>N_SEL_BITS</Name>
    <Value>1</Value>
   </SOPCModuleParameter>
   <SOPCModuleParameter>
    <C>15</C>
    <Name>N_NODE_IR_BITS</Name>
    <Value>10</Value>
   </SOPCModuleParameter>
   <SOPCModuleParameter>
    <C>16</C>
    <Name>NODE_INFO</Name>
    <Value>00110000000000000110111000000000</Value>
   </SOPCModuleParameter>
   <SOPCModuleParameter>
    <C>17</C>
    <Name>COMPILATION_MODE</Name>
    <Value>0</Value>
   </SOPCModuleParameter>
   <SOPCModuleParameter>
    <C>18</C>
    <Name>BROADCAST_FEATURE</Name>
    <Value>1</Value>
   </SOPCModuleParameter>
   <SOPCModuleParameter>
    <C>19</C>
    <Name>FORCE_IR_CAPTURE_FEATURE</Name>
    <Value>1</Value>
   </SOPCModuleParameter>
   <SOPCModuleParameter>
    <C>20</C>
    <Name>FORCE_PRE_1_4_FEATURE</Name>
    <Value>0</Value>
   </SOPCModuleParameter>
   <SOPCModuleParameter>
    <C>21</C>
    <Name>ENABLE_SOFT_CORE_CONTROLLER</Name>
    <Value>0</Value>
   </SOPCModuleParameter>
   <SOPCModuleParameter>
    <C>22</C>
    <Name>CONN_INDEX</Name>
    <Value>0</Value>
   </SOPCModuleParameter>
  </SOPCModule>
  <SOPCModule>
   <C>23</C>
   <ModuleType>altera_connection_identification_hub</ModuleType>
   <SOPCModuleParameter>
    <C>24</C>
    <Name>DESIGN_HASH</Name>
    <Value>aabf23f6f1975c41a489</Value>
   </SOPCModuleParameter>
   <SOPCModuleParameter>
    <C>25</C>
    <Name>COUNT</Name>
    <Value>1</Value>
   </SOPCModuleParameter>
   <SOPCModuleParameter>
    <C>26</C>
    <Name>SETTINGS</Name>
    <Value>{width 4 latency 0} </Value>
   </SOPCModuleParameter>
  </SOPCModule>
  <SystemID>844861547</SystemID>
 </SOPCSystem>
 <SchemaVersion>schema_2013-01-18</SchemaVersion>
</ProgramExecution>
